check,city,q,beta,se,p,beta_int,p_int,beta_p1,block,share,pct_of_model_r2,model_r2,restriction,n,metric,boston,charlotte,denver,phoenix,portland,wasatch_front,equal_weight,term,n_treated_ac,moran_i,moran_p,sperr_beta,lambda,beta_full,beta_trimmed,cells_dropped,resid_skew,resid_kurtosis
quantile,boston,0.1,-0.01027415254867492,0.029339699643118635,0.7262073897903725,,,,,,,,,,,,,,,,,,,,,,,,,,,,
quantile,boston,0.25,-0.01600052577826716,0.01657827816726189,0.3344797126420198,,,,,,,,,,,,,,,,,,,,,,,,,,,,
quantile,boston,0.5,-0.06036827330226657,0.014742029009679967,4.2363826542528364e-05,,,,,,,,,,,,,,,,,,,,,,,,,,,,
quantile,boston,0.75,-0.08426864581482363,0.017703697634021198,1.948098612584436e-06,,,,,,,,,,,,,,,,,,,,,,,,,,,,
quantile,boston,0.9,-0.06163525192400243,0.021097054299260152,0.0034867450808619567,,,,,,,,,,,,,,,,,,,,,,,,,,,,
lanes_interaction,boston,,,,,0.04021807634769719,0.0007032845226146827,-0.05090848098762876,,,,,,,,,,,,,,,,,,,,,,,,,
quantile,denver,0.1,-0.41845058508822675,0.05408301209894753,1.3879805892798978e-14,,,,,,,,,,,,,,,,,,,,,,,,,,,,
quantile,denver,0.25,-0.13408157786258101,0.03498286995174364,0.000129366101019667,,,,,,,,,,,,,,,,,,,,,,,,,,,,
quantile,denver,0.5,-0.1448370944085582,0.027806682537445285,2.033171089553553e-07,,,,,,,,,,,,,,,,,,,,,,,,,,,,
quantile,denver,0.75,-0.11419821515457329,0.027290652810387613,2.9417187585603565e-05,,,,,,,,,,,,,,,,,,,,,,,,,,,,
quantile,denver,0.9,-0.11424375919017393,0.028880221387653383,7.809338845609556e-05,,,,,,,,,,,,,,,,,,,,,,,,,,,,
lanes_interaction,denver,,,,,0.19608609842382532,3.4851222273574337e-12,-0.2141049903078843,,,,,,,,,,,,,,,,,,,,,,,,,
lmg,,,,,,,,,configuration,0.0015157682347346675,0.2778908759851712,0.5454544807781136,,,,,,,,,,,,,,,,,,,,,
lmg,,,,,,,,,density and land use,0.0063922870554935325,1.1719194324656876,0.5454544807781136,,,,,,,,,,,,,,,,,,,,,
lmg,,,,,,,,,position and road type,0.06753767599043227,12.381908733078323,0.5454544807781136,,,,,,,,,,,,,,,,,,,,,
vintage,,,-0.12451252177651594,,8.690054592987869e-38,,,,,,,,all segments,37609.0,,,,,,,,,,,,,,,,,,,
vintage,,,-0.12088949113256411,,4.009757439070809e-36,,,,,,,,catchment median year built ≤ 2000,35603.0,,,,,,,,,,,,,,,,,,,
vintage,,,-0.11338473347507977,,1.533085892192597e-30,,,,,,,,catchment median year built ≤ 1990,32005.0,,,,,,,,,,,,,,,,,,,
vintage_city,charlotte,,-0.04596449945790925,,0.4299588449525251,,,,,,,,,1348.0,,,,,,,,,,,,,,,,,,,
vintage_city,phoenix,,-0.1553629171198299,,1.811993685465513e-07,,,,,,,,,3148.0,,,,,,,,,,,,,,,,,,,
p3_percity,,,,,,,,,,,,,,,intersection density,0.03737616446141675,0.023508608529487558,0.0002135214280711986,-0.024240013043834528,0.03646704790803382,-0.006487696932399189,0.032378327166450525,,,,,,,,,,,
p3_percity,,,,,,,,,,,,,,,link–node ratio,0.02365397755974588,0.01323273331156975,0.006671476596259876,-0.015136522841060419,0.02229838458937646,-0.049634825479659854,0.010117189494452197,,,,,,,,,,,
p3_percity,,,,,,,,,,,,,,,street density,0.061049322899808994,0.03375504593292684,-0.009288816480921143,-0.022520157380969092,0.01804508562671573,0.011598247007748825,0.040033028274283206,,,,,,,,,,,
p3_percity,,,,,,,,,,,,,,,dead-end share,0.012942346865757952,0.020760659115121212,0.009182593710647112,-0.014081279389975736,0.010348875391139874,-0.04568267213934319,0.005516473313169134,,,,,,,,,,,
p3_percity,,,,,,,,,,,,,,,circuity,0.0022110361258941176,-0.026008391797926623,-0.024415958720502697,-0.03374984964998296,0.014480765561464161,-0.0020310254830264787,-0.01488233123249607,,,,,,,,,,,
moderation_equalw,,,-0.20153454078312233,0.010996861854226006,,,,,,,,,,,,,,,,,,,p1,,,,,,,,,,
moderation_equalw,,,0.12180378692129712,0.035567047180575385,,,,,,,,,,,,,,,,,,,p1:access_controlled,,,,,,,,,,
moderation_equalw,,,0.008692235027953493,0.010715807232641554,,,,,,,,,,,,,,,,,,,p1:betw_z,,,,,,,,,,
moderation_percity,boston,,0.2054671484193202,,0.003747028949405529,,,,,,,,,,,,,,,,,,,50.0,,,,,,,,,
moderation_percity,charlotte,,0.012646941011764765,,0.9688811408650851,,,,,,,,,,,,,,,,,,,5.0,,,,,,,,,
moderation_percity,denver,,0.320357915774783,,9.515871528960128e-08,,,,,,,,,,,,,,,,,,,156.0,,,,,,,,,
moderation_percity,phoenix,,0.14541979221668186,,0.15597917404762476,,,,,,,,,,,,,,,,,,,36.0,,,,,,,,,
moderation_percity,portland,,-0.12823253073809152,,0.8366775842446581,,,,,,,,,,,,,,,,,,,1.0,,,,,,,,,
moderation_percity,wasatch_front,,-0.23289509588347726,,0.23316768493051243,,,,,,,,,,,,,,,,,,,13.0,,,,,,,,,
spatial_diag,boston,,,,,,,,,,,,,,,,,,,,,,,,0.5380213697310275,0.001,-0.18291980667463575,0.7983021323855468,,,,,
spatial_diag,charlotte,,,,,,,,,,,,,,,,,,,,,,,,0.2733034879728221,0.001,-0.02616131256361065,0.44497491719589105,,,,,
spatial_diag,denver,,,,,,,,,,,,,,,,,,,,,,,,0.16310450736185894,0.001,-0.33165992847262427,0.39446421793462677,,,,,
spatial_diag,phoenix,,,,,,,,,,,,,,,,,,,,,,,,0.26019048235452347,0.001,-0.264396452793791,0.5337340166630103,,,,,
spatial_diag,portland,,,,,,,,,,,,,,,,,,,,,,,,0.21694826084823934,0.001,-0.29104708968703896,0.46853263454165145,,,,,
spatial_diag,wasatch_front,,,,,,,,,,,,,,,,,,,,,,,,0.1983346776804507,0.001,-0.17595286668531074,0.44687392408894205,,,,,
influence,,,,,,,,,,,,,,,,,,,,,,,,,,,,,-0.12451252177651594,-0.12514600607551252,53.0,-1.2095595304246003,11.821951454019606
