city,study_cell,control_cell,study_log_aadt,control_log_aadt,study_index,control_index
boston,c031_040,c034_041,8.893184032210083,9.22840922022228,2.9924146725983367,1.5630765353832674
boston,c034_037,c031_038,8.861223481211313,9.59991173561223,2.376500931846828,2.1981298974312273
boston,c030_042,c032_040,8.733810651322102,9.582110918161916,2.9702067943362485,1.9413106208302968
boston,c033_044,c029_039,8.722888345792063,9.460889697391904,2.790022522075045,1.9133026077674296
boston,c034_036,c030_041,8.852752738474766,9.550297647939301,2.3348310182546257,2.0966595710965765
boston,c034_042,c032_042,9.392060184547422,9.762370588598737,3.0944446708572393,2.1232379957249514
boston,c033_037,c015_056,9.519450139336712,9.019736372728277,2.988374236112605,1.6962733944161308
boston,c016_057,c032_037,8.752842453982337,9.014539545178856,3.166280495993888,1.6964768881352685
boston,c031_045,c029_043,8.917303806284867,9.27086991158371,2.478179072376199,1.7910914663801303
boston,c031_043,c027_039,9.743708325304816,9.3195030386664,2.3304513351847373,2.010050740305672
boston,c033_035,c036_049,9.581535044120141,9.229430093347398,2.5199097008687965,1.8237031776634411
boston,c015_057,c034_045,9.147896426014249,8.740879044424311,2.7944410542058566,1.5829753694311635
boston,c035_039,c030_040,9.272525076187492,9.95547245214265,2.7282228189558997,1.450884558227837
boston,c028_043,c032_033,9.437675990808767,9.014036718870607,2.478103516415232,1.4934280735338437
boston,c027_040,c032_044,9.275745678722139,9.150464538208736,2.6128582856717246,1.114423466044608
boston,c035_045,c028_039,9.861992195787263,9.244221726830725,2.298019793808073,1.0395313133476378
boston,c015_055,c025_038,8.5366474604091,8.502373212773287,2.4356542963596275,0.786349802558641
boston,c037_035,c027_043,8.629323518030374,9.093981834868684,3.423474223322269,1.7914869951291283
boston,c021_062,c041_022,9.378742498282259,9.19650073824138,2.317270324077428,0.7075658097677493
charlotte,c013_020,c009_020,9.789522417988092,10.543836886220797,1.6609494701009473,0.8679232385306004
charlotte,c015_018,c017_019,9.964539293628192,9.922778099025113,1.5835940512005546,-0.4321759967907861
charlotte,c013_021,c012_017,9.063009103682006,10.306610044650393,2.366925850206975,1.0464236426669453
charlotte,c013_019,c017_020,9.945216481989595,9.941978769910719,2.064894593578435,-0.38147733841889714
charlotte,c014_019,c013_016,9.722996756757958,10.214733247830228,2.5565822521931656,0.8413792812316594
charlotte,c013_023,c018_019,10.072805557412329,10.485402235172668,1.2373818643352648,0.31884820017046983
charlotte,c015_019,c019_018,9.840628956954765,9.1646447016016,2.756661177569388,0.2583027901871592
charlotte,c015_015,c018_020,10.192539780312876,10.162884449243712,1.3060907563884383,0.590550577085041
charlotte,c033_006,c017_022,8.887806643086568,9.704906352722531,3.8929649170719367,0.7594241911760726
charlotte,c016_022,c019_020,9.909698812535407,10.298851306985533,1.805550474140414,0.15218365512097157
charlotte,c015_021,c010_020,9.802619606636092,10.272040098141174,2.7713207693886863,0.11438835132924485
charlotte,c013_022,c012_021,8.411832675758411,9.418569004200256,1.2240844220565572,0.5129482682100402
charlotte,c016_021,c014_016,9.627394267685647,10.120216963367238,2.147640690692786,0.6892160865551452
charlotte,c008_020,c019_019,9.730222607460169,10.617978312564732,2.089783259197636,0.26210608078096026
charlotte,c012_045,c011_023,8.942587595132865,9.880973446622617,1.8193546407227765,-0.09936963538641848
charlotte,c033_007,c021_020,10.479350791415026,10.20576672094508,1.5639101506152124,0.6748572232287592
charlotte,c015_022,c016_024,9.940761051862893,10.423581736801324,1.2182706281000784,0.02842149839141558
charlotte,c011_020,c022_014,10.340032777296992,9.835952874545834,1.5290724146811916,0.5197843734006371
charlotte,c014_022,c009_021,9.579279773840534,8.797064343872712,1.4992962336119942,-1.759135622651798
charlotte,c011_033,c020_022,9.966338254717657,9.988502000933629,1.28703359521861,0.40836474806950906
charlotte,c018_027,c019_027,10.165851817003619,10.165851817003619,1.8255114657059908,0.3146757179192304
charlotte,c018_026,c010_014,10.295422513773497,10.26125745878038,1.2838719915386005,0.7829039424682918
charlotte,c013_018,c021_011,10.00945013874029,9.769956159911606,1.3268836754119522,-1.8081209199821635
charlotte,c012_029,c010_022,10.5849045267307,9.918501932578884,1.277209986386728,-0.22877477017274767
charlotte,c011_014,c021_018,10.308952660644293,9.919750940592605,1.304355879676743,-1.5584442875611189
charlotte,c017_027,c010_024,10.515098000102897,9.942851449635226,1.4407222961086221,-1.0894541841592553
charlotte,c010_017,c015_026,10.00005302781706,9.278856932947237,1.69984742026824,-0.835200768741153
charlotte,c018_025,c016_017,10.442754845285997,10.19019274521016,1.324924919846691,0.4738191223430842
charlotte,c016_016,c021_017,10.132683330195087,9.818488924525825,1.2930789720388935,-1.446696286903387
charlotte,c008_015,c012_046,10.44595718163658,8.905309961870458,1.4915271046938854,-0.14131966364163265
charlotte,c015_008,c031_008,9.963709020669425,10.309646623281717,1.1727179827740892,-1.700937813103438
charlotte,c025_022,c025_018,10.085809109330082,9.489249674988672,1.549363348807506,-0.27302836930648
charlotte,c012_033,c027_013,9.483701198841175,9.380276479676194,1.3088430496109862,0.5266086322300064
charlotte,c008_045,c017_012,10.155181158565595,9.73673532839721,1.9321876292638915,-0.8884049379642625
charlotte,c032_006,c022_010,9.027006660865155,9.663999338541686,1.3440866993346043,-1.4025356381483858
denver,c015_020,c016_015,8.570353970123948,9.553258455572958,5.608127365812921,2.5402410400288753
denver,c018_019,c013_020,9.904994247095173,9.154121916632802,5.534804548976241,2.3567033382353832
denver,c014_016,c013_018,8.78636333977928,8.99308047512642,4.830453333226761,2.9624728084783087
denver,c011_016,c012_018,8.814903420477377,10.017791883983692,3.8752192743480403,3.3997580779854344
denver,c013_022,c014_021,8.938057030627355,8.112119786985566,4.453275699846827,2.5912395928836616
denver,c019_019,c014_022,9.314723367757164,8.109045237713675,4.808996304069776,1.8373254952302236
denver,c016_019,c016_022,9.44259533101296,9.013756880674897,4.614881467095806,3.3013899022743507
denver,c012_022,c015_022,9.589100908218828,9.827869893270568,3.8659214550099095,1.5996548736309864
denver,c011_018,c011_019,9.179931272863495,8.70467487630539,4.592195065118763,2.020166418466376
denver,c011_015,c020_020,8.639168186331323,7.003065458786462,3.8596918212503537,2.97260772505872
denver,c015_021,c017_016,8.231659054989175,9.270362880452607,5.09161176892867,2.1887225690638736
denver,c014_015,c019_022,9.984189536129932,10.571316925111784,6.246003459956504,2.720734918653607
denver,c012_017,c016_016,9.192866288738244,9.335055067780557,4.299183652594218,3.0759202549305686
denver,c013_013,c019_020,8.653127998427047,9.65222414206048,4.457267479126773,3.488778523607578
denver,c011_021,c010_019,9.014341729353262,8.81820060168162,5.043966688648983,1.0690149340927868
denver,c018_021,c021_018,8.574282663932545,9.074719509365542,3.8148806174897603,2.5856004712061007
denver,c017_020,c012_016,9.66220861021453,9.088440493225937,6.092767485704329,2.6880516615655217
denver,c021_019,c017_015,9.612260362469584,9.791718567558423,5.302092647030132,2.0235149545748996
denver,c016_018,c016_017,9.195479207978533,9.886413553893032,5.594581579325547,2.9302143433250314
denver,c017_019,c016_020,9.694513031177046,9.267114016306468,5.304392768252748,3.351842375986577
denver,c016_021,c018_023,8.91305200763119,9.643890615817874,4.750756443596539,0.23898858566400213
denver,c018_018,c014_014,9.985055010986773,8.836566108002247,4.76880096697096,3.528513652196402
denver,c015_016,c019_018,8.802036506213529,9.392661928770137,5.5044599791273,2.4504174700452577
denver,c017_017,c010_020,9.745238690762163,9.221655908007204,4.095380193710836,2.878771252315884
denver,c015_018,c013_019,10.69346187816252,9.599336711649395,4.118707380563772,3.324755455138221
denver,c012_021,c021_016,8.87442869773488,8.868540801180371,4.01485638348877,2.17984395168814
denver,c011_020,c009_024,9.97267836544108,8.929892932944258,4.1700537731784095,1.4034415282706203
denver,c017_018,c012_023,8.638297015256283,8.903309343552179,4.6182423641268215,3.0769917857042675
denver,c013_014,c022_019,9.049481227495242,10.691944912900398,4.15117348686079,2.150780901403489
denver,c013_012,c007_023,7.677174555814333,8.332023862512155,5.4795590683501025,-0.6912406930053345
denver,c015_017,c023_011,9.540974700152704,10.102419013840976,3.8906492424470116,1.4205377790541371
phoenix,c020_028,c018_028,10.22692659341344,9.955723858152409,3.213886532983142,0.9790557852247781
phoenix,c018_032,c020_042,9.118519278539512,9.123668870741376,2.6170289543238265,0.534054932768654
phoenix,c019_027,c022_027,9.793470581328819,9.801611364274299,3.2842019890543375,1.8145430238023579
phoenix,c021_028,c014_031,9.064871275985753,10.423485274796683,3.3787588852478856,0.92563445756971
phoenix,c019_028,c015_029,9.573121280510724,10.231861611284286,3.9396589091381804,0.5572774969682387
phoenix,c018_027,c028_023,9.343077774110744,10.157009014121678,4.239774117138333,1.002048142282183
phoenix,c020_027,c025_027,9.043150687849252,10.353020038759267,4.305963926625379,1.2400466262579655
phoenix,c033_022,c034_022,9.680115842852723,9.53828036174509,2.3787167692644027,1.3182469446007083
phoenix,c022_030,c016_033,9.980945006224271,9.489064822644991,2.3466847074015433,1.0662499220782136
phoenix,c031_021,c027_023,9.285769574751319,9.529962727292027,2.2677102571577232,1.1564894704443076
phoenix,c017_028,c019_035,9.79629921386853,10.086012154759793,2.1145682803090127,1.6711536447311546
phoenix,c019_030,c019_034,9.93887887378041,9.903207885097967,2.3292721296785146,1.2552154361787624
phoenix,c027_024,c021_029,10.005862213666335,9.103406519463382,2.685454668363498,1.6659132294374142
phoenix,c016_028,c017_029,9.519729840170575,9.390915148945943,2.357948039801399,2.089632025197117
phoenix,c015_034,c013_034,9.78821139437342,10.181361572365189,2.362862531796465,0.9485862103682459
phoenix,c029_029,c020_032,10.167833815317891,9.564895943839753,3.024895492354989,1.6706194639445948
phoenix,c019_029,c026_021,9.47451909491775,9.68428420751384,2.186280771604486,0.45756605024311414
phoenix,c019_026,c026_028,9.218110991600229,9.380215170225119,3.753873243195116,0.19418990222552457
phoenix,c023_027,c017_037,9.85776634536035,9.309795711975088,2.123025060510855,0.3582980775944182
phoenix,c021_027,c034_023,8.70534058775264,9.578228252426069,3.1917538389570304,0.6838658995604806
phoenix,c031_015,c030_029,9.301145708638687,9.784215940572388,2.1767744215263054,0.8267720811485295
phoenix,c028_029,c025_023,9.739045279764659,10.408640871501467,2.5405057080751856,0.5054301919473977
phoenix,c033_023,c025_036,9.356841542162831,8.957034340329741,2.33292688420759,0.9999101420104667
phoenix,c013_042,c030_015,10.164469623561322,9.980367566434259,2.2735518717931003,0.9903380426500024
phoenix,c019_023,c030_019,10.07700193175894,9.997290556015916,2.357638468605189,-0.05805399243742289
phoenix,c020_026,c025_040,9.738326610975522,10.232444828499474,2.201874453927602,0.7080545742379301
phoenix,c028_025,c010_042,9.905806553861913,9.551724692263631,2.1335621631446204,2.099124186896484
phoenix,c032_034,c035_024,10.056466400861279,8.650170654463091,2.1403231759796846,0.9402898212899634
phoenix,c015_043,c019_025,10.117348150251422,9.723300701307668,2.1293406572565483,0.05340513364695504
phoenix,c009_040,c021_025,9.648291686766555,9.67757128526046,2.804753055150165,0.09032531339468187
phoenix,c010_035,c041_023,9.535219467889162,8.856542956930422,3.1302353330607335,0.7142702182178174
phoenix,c024_017,c026_030,10.014263820688695,9.251999677867765,2.36219639530948,-0.15212964471742516
phoenix,c038_015,c027_040,9.930858715594685,9.955662712512932,2.6168551843206367,1.0342970879264017
phoenix,c039_012,c004_043,9.84878938934863,10.177440409095746,2.6230134140845505,0.36576578459700654
phoenix,c039_017,c018_022,9.450674509532401,10.58202858070671,2.918994577343152,-0.3879102183707513
phoenix,c038_017,c040_011,9.808674889801193,9.750939998435218,3.1764694617475326,1.5290579028437281
phoenix,c039_016,c031_041,9.245806049873813,10.320123368646465,2.78154140117329,0.008521875458228325
portland,c023_025,c021_022,8.76795973673728,9.24198367279946,4.447117922971863,1.1519094128493865
portland,c025_020,c026_021,9.548794884496669,9.684198056649942,3.3844998020331274,2.8781573723079683
portland,c025_019,c016_021,9.999667592696035,9.116261744471085,4.000755169130956,2.8998719496696825
portland,c025_024,c028_022,9.310236627064668,9.093498364922317,6.219835700721012,0.9999234317922306
portland,c026_018,c024_019,9.243885150117089,9.425589972589657,4.088637709712093,3.1477309241614617
portland,c025_023,c028_021,9.410558910547639,9.539203776984454,5.073449652812133,1.3965861406298765
portland,c024_023,c022_020,8.895629627136483,9.596897524954505,5.933084000312924,1.5767598245494208
portland,c024_025,c028_023,9.56729251920972,9.910565814387505,5.297930553435349,2.2768688946638624
portland,c023_018,c021_019,9.15739043943463,9.645898162056328,4.277621088980404,0.6058945513079498
portland,c027_022,c023_010,9.865669159651627,8.580608365682414,3.6867395647608676,3.097270011813928
portland,c021_027,c028_020,9.293229068626422,9.300970587777885,3.4451805811467167,1.918311983021897
portland,c027_020,c023_019,9.425996420663065,9.747816248884789,3.6995463942160476,2.8432409782884385
portland,c025_018,c027_019,9.04747164151228,9.988359886201234,3.945356734096595,1.3264192416957905
portland,c026_022,c022_025,9.772498461638168,9.138326424600972,5.231509261000275,2.518463610132419
portland,c022_026,c025_025,9.006021482123472,9.602545393749107,3.7518980222433345,2.1612586225283312
portland,c027_023,c020_018,9.445207655429282,9.498167027466518,4.38634257208384,0.7442440329375991
portland,c026_019,c029_022,9.340636738253613,9.323205748646075,3.8034389794672783,1.5218458314051257
portland,c024_018,c029_023,8.935047799916799,9.873787911980015,5.391725073076159,0.8237649216809733
portland,c008_026,c021_021,8.909635750158188,8.32845106681936,4.344695616559305,0.87750191926436
portland,c021_026,c026_029,9.36679593522496,9.012052105341516,3.6567835618203794,2.751091970057139
portland,c022_018,c026_024,9.912403940823083,9.583903106981964,4.257837148048742,1.22743949263116
portland,c022_019,c027_030,9.470476602952777,7.5866351399639225,3.244489274177094,0.24777773205296943
portland,c002_027,c027_035,8.158478190553248,8.389110777835743,3.596598633931852,0.38109201673615617
wasatch_front,c014_051,c014_052,9.84256891544585,9.377853326267989,2.165058890900884,1.6479373522164877
wasatch_front,c011_054,c014_062,9.29412532526761,9.564083461014889,2.9167243640213796,0.3500495941718148
wasatch_front,c014_085,c012_052,9.319346673410623,9.524835655782324,2.408437645311574,1.621927522870692
wasatch_front,c018_016,c017_021,10.133235304428188,9.490614588280371,3.7459126647835626,0.7848833752291541
wasatch_front,c006_048,c018_017,9.283678461044664,9.753903143511259,1.8235345096820317,0.924476922849139
wasatch_front,c015_052,c010_055,8.94601934664049,9.277945656109264,1.871785721557947,0.43237126001353104
wasatch_front,c014_055,c019_017,8.220436586567939,9.87118641580858,4.826201194993676,0.47071607175846414
wasatch_front,c015_085,c013_050,10.05681380051044,9.81408327564256,2.010879653033174,0.1970819845196078
wasatch_front,c014_050,c015_051,9.734193705465794,8.992709762980976,1.9079915016103934,1.7076278411584151
wasatch_front,c012_051,c018_018,9.446448663253628,10.401386044954178,1.7933577710687088,-0.04834662628050107
wasatch_front,c012_053,c015_087,9.561455156564444,9.370021449504573,2.8702491113809363,0.8927960800462423
wasatch_front,c014_087,c007_048,8.983225974428036,9.7635538663369,1.894487040346484,0.4445651405080282
wasatch_front,c012_055,c011_052,9.325883030138407,9.21391011215087,2.3924346251738458,0.31333514341363006
wasatch_front,c013_027,c015_048,8.705206549838854,9.547706125461014,1.8254128737067083,0.263019205621582
wasatch_front,c018_008,c009_050,8.526022023633377,9.845185929361616,2.3344141385272352,-0.15655643810761405
wasatch_front,c018_007,c010_042,8.738889740926703,9.495613316509969,3.063822761121022,0.457748855014684
wasatch_front,c012_054,c012_085,9.380669618840502,9.868289183363865,3.3294305926638366,-0.12984366636999167
wasatch_front,c011_042,c008_050,9.688370583405169,9.880148178139912,2.786522222674284,1.0288021130196718
wasatch_front,c015_063,c016_021,9.370606881204635,9.381782218388128,2.4705027765243868,0.6248396364157877
wasatch_front,c015_053,c010_043,9.655480251809205,8.710389610627756,1.7851302727430964,0.10247534365264059
wasatch_front,c011_056,c017_016,9.25138888304971,9.337201671230517,1.8837092231249373,0.02050159125798035
wasatch_front,c016_025,c011_046,9.465574156460033,9.351060032747553,1.7951081484688047,0.43952049883485955
wasatch_front,c020_011,c015_076,8.750581285868147,10.580860978980033,2.127992418298588,-1.0588682119617352
wasatch_front,c016_053,c011_041,9.524633096015084,9.641401744662783,1.956269874493621,-0.005745146306118112
wasatch_front,c005_040,c009_081,9.289514036398852,9.403359950046449,1.8237078204501438,0.7225997969618576
wasatch_front,c011_028,c012_027,9.099770166978782,10.30716516218527,2.3604421253055485,0.619264370915871
wasatch_front,c006_045,c008_082,8.716312534904,9.968405481405805,2.1134214015953723,0.6631503862434855
wasatch_front,c004_040,c019_022,8.231412148220613,9.388131094379208,2.1652299587744865,-1.672689885970786
wasatch_front,c004_041,c004_045,7.794899119437029,9.567502918466294,2.687525598963332,0.7209003101566727
wasatch_front,c019_010,c009_039,6.214608098422191,9.994917216953784,2.035565498307709,-0.7224083984804162
wasatch_front,c012_063,c019_009,9.159993997539445,7.568791973761195,2.680440745734299,-0.1022642941840558
