check,city,beta_primary,se_primary,p_primary,beta_nolanes,se_nolanes,p_nolanes,beta_neither,se_neither,p_neither,pct_primary,pct_nolanes,pct_neither,corr_p1_len,corr_len_aadt,median_len_m,beta_base,beta_lenctrl,beta_lenFE,metric,n,beta_alone,p_alone,beta_given_p1,se_given_p1,p_given_p1,ci_lo,ci_hi,pct_lo,pct_hi,predictor,beta_raw,beta_per_sd,pct_per_sd,form,r2_full,unique_config,unique_controls,ratio,group,n_p1_0,n_p1_1,term,beta,se,p,n_routes,spec,pct,n_used,n_total
lanes_bracket,boston,-0.05095665375539203,0.012689127909248258,5.925133546666488e-05,-0.05266979175152935,0.012975236264070066,4.9229545097309025e-05,-0.285742831311354,0.018550118650635754,1.5426131749520597e-53,-4.968013756312373,-5.1306772904717075,-24.854415798655992,,,,,,,,,,,,,,,,,,,,,,,,,,,,,,,,,,,,,,
lanes_bracket,charlotte,-0.019544818724392028,0.057785311025015794,0.7351886575254758,-0.036612054661408246,0.060219955239814826,0.5432059561923674,-0.09183272440474954,0.06603713728520748,0.16433995063541973,-1.9355057051692603,-3.5949938459553965,-8.774226476151291,,,,,,,,,,,,,,,,,,,,,,,,,,,,,,,,,,,,,,
lanes_bracket,denver,-0.24933276662307977,0.02866401357169985,3.3641926881218795e-18,-0.2774423469963763,0.030097237691714608,3.0213010552020997e-20,-0.5246619274647348,0.047912351452766296,6.611651542163703e-28,-22.067940165239243,-24.228075186572273,-40.82446132022637,,,,,,,,,,,,,,,,,,,,,,,,,,,,,,,,,,,,,,
lanes_bracket,phoenix,-0.1761022804862056,0.02854111319604156,6.823535429262186e-10,-0.2028439017541791,0.030858027814233618,4.916045916398149e-11,-0.5799516795895637,0.040274503480341436,5.176528209287841e-47,-16.146778653163572,-18.359432902729612,-44.007457826206966,,,,,,,,,,,,,,,,,,,,,,,,,,,,,,,,,,,,,,
lanes_bracket,portland,-0.2033311148767733,0.02807376260586666,4.3969187038705e-13,-0.22616500716335874,0.028978063749627997,5.964467069972862e-15,-0.411642626550622,0.04095912978867024,9.179070165628545e-24,-18.399199570147694,-20.241351667615824,-33.74389845370679,,,,,,,,,,,,,,,,,,,,,,,,,,,,,,,,,,,,,,
lanes_bracket,wasatch_front,-0.15381407777622208,0.04196918811890138,0.0002474075967963862,-0.14786593329200268,0.04341108254339599,0.0006587888397039124,-0.21669568930211364,0.06025724946069479,0.0003229290471002103,-14.256857825040282,-13.745325400653584,-19.482504462023854,,,,,,,,,,,,,,,,,,,,,,,,,,,,,,,,,,,,,,
lanes_bracket,POOLED,-0.12326989681100158,0.00973880511853388,1.0155719279231115e-36,-0.13223917971068655,0.01003589457234385,1.1962994852158029e-39,-0.34948197996391134,0.013975971651040538,5.271507570687354e-138,-11.59749651779075,-12.386858284190016,-29.494677316561358,,,,,,,,,,,,,,,,,,,,,,,,,,,,,,,,,,,,,,
length,boston,,,,,,,,,,,,,0.20732121414446242,-0.26589943968526275,109.29069065580856,-0.05095665375539203,-0.017955051493958235,-0.01630714912360739,,,,,,,,,,,,,,,,,,,,,,,,,,,,,,,,
length,charlotte,,,,,,,,,,,,,0.021224359761237824,-0.012671158811853612,585.3911600242034,-0.019544818724392028,-0.02098698737066615,-0.023234195152293847,,,,,,,,,,,,,,,,,,,,,,,,,,,,,,,,
length,denver,,,,,,,,,,,,,0.09205915753871499,-0.12630617280599024,675.6053853114862,-0.24933276662307977,-0.25199898095242845,-0.2576520093925568,,,,,,,,,,,,,,,,,,,,,,,,,,,,,,,,
length,phoenix,,,,,,,,,,,,,0.09786798946708912,-0.0715987313416896,803.9726175127023,-0.1761022804862056,-0.17416686605360823,-0.1631314425999401,,,,,,,,,,,,,,,,,,,,,,,,,,,,,,,,
length,portland,,,,,,,,,,,,,0.08319913776746894,0.023291901974226863,593.0664285103564,-0.2033311148767733,-0.21363354286236838,-0.20270751315969263,,,,,,,,,,,,,,,,,,,,,,,,,,,,,,,,
length,wasatch_front,,,,,,,,,,,,,0.01526268291042585,-0.055913369093857065,820.253278635784,-0.15381407777622208,-0.15588242741596742,-0.1589331076118029,,,,,,,,,,,,,,,,,,,,,,,,,,,,,,,,
p3_battery,,,,,,,,,,,,,,,,,,,,intersection density,35879.0,0.004464401687919212,0.4501958200290437,0.010167249938157432,0.005913461467838568,0.08555250826417853,-0.0014231345388061624,0.021757634415121026,-0.1422122363059386,2.1996057779150924,,,,,,,,,,,,,,,,,,,,,
p3_battery,,,,,,,,,,,,,,,,,,,,link–node ratio,35834.0,0.0025551550957004813,0.5602120629412466,0.006854636837219377,0.004388026201776518,0.11825900573939965,-0.0017458945182625982,0.015455168192701353,-0.17443713309985842,1.557521696527342,,,,,,,,,,,,,,,,,,,,,
p3_battery,,,,,,,,,,,,,,,,,,,,street density,35879.0,0.009585325056413638,0.14456246317178068,0.01748908816312087,0.006580662343893763,0.007868788831253562,0.004590989969089096,0.030387186357152644,0.46015447095917317,3.0853589140106497,,,,,,,,,,,,,,,,,,,,,
p3_battery,,,,,,,,,,,,,,,,,,,,dead-end share,35835.0,0.004952385914013267,0.25819989202223914,0.0012990583350463514,0.004378678763774277,0.7667122366748144,-0.007283152041951231,0.009881268712043933,-0.7256694161339339,0.9930249646046718,,,,,,,,,,,,,,,,,,,,,
p3_battery,,,,,,,,,,,,,,,,,,,,circuity,35825.0,0.0052935898095310165,0.24280029242310786,0.002847153318061557,0.004524929732913645,0.5292083597135555,-0.006021708958449188,0.011716015594572301,-0.6003614806516011,1.1784916925380529,,,,,,,,,,,,,,,,,,,,,
p3_battery,,,,,,,,,,,,,,,,,,,,PCA composite,35822.0,0.0003680869813868416,0.9423238952060095,0.006513931303915167,0.005097371918379871,0.2012847068048973,-0.0034769176561093807,0.016504780263939714,-0.34708801772149744,1.6641736590272904,,,,,,,,,,,,,,,,,,,,,
common_footing,,,,,,,,,,,,,,,,,,,,,,,,,,,,,,,P1 substitutability (binary),-0.12116669348193104,-0.03756109446974928,-3.6864426333852895,,,,,,,,,,,,,,,,,
common_footing,,,,,,,,,,,,,,,,,,,,,,,,,,,,,,,P2 access connections (z),-0.020627113129061098,-0.020627113129061098,-2.0415829448851897,,,,,,,,,,,,,,,,,
common_footing,,,,,,,,,,,,,,,,,,,,,,,,,,,,,,,P3 intersection density (z),0.010167249938157432,0.010167249938157432,1.021911203977166,,,,,,,,,,,,,,,,,
variance,,,,,,,,,,,,,,,,,,,,,,,,,,,,,,,,,,,P1 binary,0.5463635652404388,0.0019699201011549317,0.0689282926607897,34.99040017936676,,,,,,,,,,,,
variance,,,,,,,,,,,,,,,,,,,,,,,,,,,,,,,,,,,P1 route count (z),0.5461569275377866,0.0017632823985026524,0.06897061895439427,39.114902418899476,,,,,,,,,,,,
2x2,,,,,,,,,,,,,,,,,,,,,,,,,,,,,,,,,,,,,,,,no access control,30097.0,3603.0,,,,,,,,,
2x2,,,,,,,,,,,,,,,,,,,,,,,,,,,,,,,,,,,,,,,,access-controlled,1918.0,261.0,,,,,,,,,
betw_tercile,,,,,,,,,,,,,,,,,,,,,,,,,,,,,,,,,,,,,,,,,,,p1:C(betw_tercile)[T.1],0.0018266863463627036,0.022519767455523323,0.9353506588419468,,,,,
betw_tercile,,,,,,,,,,,,,,,,,,,,,,,,,,,,,,,,,,,,,,,,,,,p1:C(betw_tercile)[T.2],0.007507593441732714,0.022888730399065565,0.7429086938619935,,,,,
route_fe,boston,,,,,,,,,,,,,,,,,,,,16005.0,,,,,,,,,,,,,,,,,,,,,,,-0.015153310986534574,0.014216194503414272,0.28646028607318885,532.0,,,,
route_fe,charlotte,,,,,,,,,,,,,,,,,,,,1065.0,,,,,,,,,,,,,,,,,,,,,,,-0.02212033415261272,0.043776678160687595,0.613348484860841,87.0,,,,
route_fe,denver,,,,,,,,,,,,,,,,,,,,1181.0,,,,,,,,,,,,,,,,,,,,,,,-0.10996888744865252,0.03545420876604945,0.0019240243209352997,202.0,,,,
route_fe,phoenix,,,,,,,,,,,,,,,,,,,,3012.0,,,,,,,,,,,,,,,,,,,,,,,-0.08156766577345523,0.03139250652098496,0.009368211768455887,168.0,,,,
route_fe,portland,,,,,,,,,,,,,,,,,,,,1899.0,,,,,,,,,,,,,,,,,,,,,,,-0.10370011754525657,0.034023659022948356,0.0023045996143012002,270.0,,,,
route_fe,wasatch_front,,,,,,,,,,,,,,,,,,,,1458.0,,,,,,,,,,,,,,,,,,,,,,,-0.08605114174062267,0.0402234195013153,0.032409004617347574,145.0,,,,
route_fe,POOLED,,,,,,,,,,,,,,,,,,,,24620.0,,,,,,,,,,,,,,,,,,,,,,,-0.04769743247425445,0.011936696658942342,6.445836715713649e-05,1404.0,,,,
composition,,,,,,,,,,,,,,,,,,,,,35879.0,,,,,,,,,,,,,,,,,,,,,,,-0.12326989681100158,0.00973880511853388,1.0155719279231115e-36,,"pooled, all cities (unweighted)",-11.59749651779075,,
composition,,,,,,,,,,,,,,,,,,,,,13790.0,,,,,,,,,,,,,,,,,,,,,,,-0.1948841497090116,0.015263309609317375,2.4697035476032875e-37,,"pooled, excluding Boston",-17.7070010787446,,
composition,,,,,,,,,,,,,,,,,,,,,35879.0,,,,,,,,,,,,,,,,,,,,,,,-0.18007088277076821,0.042074077956765515,,,"pooled, equal city weights",-16.47889927573504,,
missingness,boston,,,,,,,,,,,,,,,,,,,,,,,,,,,,,,,,,,,,,,,,,,,,,,,,,22089.0,24774.0
missingness,charlotte,,,,,,,,,,,,,,,,,,,,,,,,,,,,,,,,,,,,,,,,,,,,,,,,,1672.0,1726.0
missingness,denver,,,,,,,,,,,,,,,,,,,,,,,,,,,,,,,,,,,,,,,,,,,,,,,,,2803.0,2964.0
missingness,phoenix,,,,,,,,,,,,,,,,,,,,,,,,,,,,,,,,,,,,,,,,,,,,,,,,,3770.0,3941.0
missingness,portland,,,,,,,,,,,,,,,,,,,,,,,,,,,,,,,,,,,,,,,,,,,,,,,,,3224.0,3478.0
missingness,wasatch_front,,,,,,,,,,,,,,,,,,,,,,,,,,,,,,,,,,,,,,,,,,,,,,,,,2321.0,2372.0
